date,day_of_week,meal_type,expected_customers,temperature,weather,special_event,is_weekend,prev_quantity_consumed,prev_quantity_wasted,rolling_avg_consumption,recent_demand_trend,quantity_prepared,quantity_consumed,quantity_wasted,waste_percentage
2026-01-01,Thursday,Breakfast,101,19.0,Sunny,0,0,110.0,15.0,90.0,5.0,100.9,100.9,0.0,0.0
2026-01-01,Thursday,Lunch,212,15.4,Rainy,0,0,100.9,0.0,198.3,6.7,217.1,204.1,13.0,6.0
2026-01-01,Thursday,Dinner,190,16.3,Sunny,0,0,204.1,13.0,148.3,6.7,205.6,171.5,34.1,16.6
2026-01-02,Friday,Breakfast,96,21.6,Sunny,0,0,171.5,34.1,95.3,5.6,94.8,94.4,0.4,0.4
2026-01-02,Friday,Lunch,213,21.3,Sunny,0,0,94.4,0.4,203.0,1.1,234.2,196.0,38.2,16.3
2026-01-02,Friday,Dinner,228,20.6,Sunny,1,0,196.0,38.2,158.8,12.7,247.2,221.1,26.1,10.6
2026-01-03,Saturday,Breakfast,66,18.9,Sunny,0,1,221.1,26.1,96.8,-2.4,69.4,52.7,16.7,24.1
2026-01-03,Saturday,Lunch,178,18.5,Cloudy,0,1,52.7,16.7,201.7,-5.7,202.0,173.5,28.5,14.1
2026-01-03,Saturday,Dinner,135,19.4,Sunny,0,1,173.5,28.5,182.5,38.6,134.2,123.7,10.5,7.8
2026-01-04,Sunday,Breakfast,63,23.2,Sunny,0,1,123.7,10.5,82.7,-30.0,69.7,65.4,4.3,6.2
2026-01-04,Sunday,Lunch,167,17.9,Cloudy,0,1,65.4,4.3,191.2,-17.7,174.7,159.3,15.4,8.8
2026-01-04,Sunday,Dinner,165,23.0,Sunny,0,1,159.3,15.4,172.1,-48.4,187.4,148.8,38.6,20.6
2026-01-05,Monday,Breakfast,99,12.5,Rainy,0,0,148.8,38.6,70.8,-5.4,101.3,99.5,1.8,1.8
2026-01-05,Monday,Lunch,214,24.1,Sunny,0,0,99.5,1.8,176.3,-17.0,216.7,200.7,16.0,7.4
2026-01-05,Monday,Dinner,191,18.8,Sunny,0,0,200.7,16.0,164.5,-15.7,210.2,178.0,32.2,15.3
2026-01-06,Tuesday,Breakfast,98,19.1,Cloudy,0,0,178.0,32.2,72.5,27.0,92.0,89.1,2.9,3.2
2026-01-06,Tuesday,Lunch,235,15.3,Rainy,0,0,89.1,2.9,177.8,22.9,265.7,226.6,39.1,14.7
2026-01-06,Tuesday,Dinner,176,22.3,Sunny,0,0,226.6,39.1,150.2,27.8,170.6,170.2,0.4,0.2
2026-01-07,Wednesday,Breakfast,98,23.8,Sunny,0,0,170.2,0.4,84.7,4.4,103.8,92.2,11.6,11.2
2026-01-07,Wednesday,Lunch,225,21.1,Sunny,0,0,92.2,11.6,195.5,31.1,235.1,210.3,24.8,10.5
2026-01-07,Wednesday,Dinner,195,19.8,Sunny,0,0,210.3,24.8,165.7,4.5,193.9,169.9,24.0,12.4
2026-01-08,Thursday,Breakfast,96,21.5,Sunny,0,0,169.9,24.0,93.6,-1.4,91.7,90.3,1.4,1.5
2026-01-08,Thursday,Lunch,214,13.5,Rainy,0,0,90.3,1.4,212.5,-2.2,220.9,217.7,3.2,1.4
2026-01-08,Thursday,Dinner,195,19.9,Cloudy,0,0,217.7,3.2,172.7,-2.8,218.4,193.0,25.4,11.6
2026-01-09,Friday,Breakfast,105,20.8,Sunny,0,0,193.0,25.4,90.5,-0.2,106.1,99.4,6.7,6.3
2026-01-09,Friday,Lunch,228,20.8,Sunny,0,0,99.4,6.7,218.2,-0.5,233.2,205.8,27.4,11.7
2026-01-09,Friday,Dinner,232,19.8,Cloudy,1,0,205.8,27.4,177.7,15.3,252.0,219.6,32.4,12.9
2026-01-10,Saturday,Breakfast,66,14.2,Rainy,0,1,219.6,32.4,94.0,5.4,65.6,65.6,0.0,0.0
2026-01-10,Saturday,Lunch,173,21.2,Sunny,0,1,65.6,0.0,211.3,-5.5,181.2,164.4,16.8,9.3
2026-01-10,Saturday,Dinner,159,23.2,Sunny,0,1,164.4,16.8,194.2,25.4,166.9,158.0,8.9,5.3
2026-01-11,Sunday,Breakfast,83,22.2,Sunny,1,1,158.0,8.9,85.1,-19.5,82.8,82.6,0.2,0.2
2026-01-11,Sunday,Lunch,189,20.5,Sunny,0,1,82.6,0.2,196.0,-31.6,194.7,186.9,7.8,4.0
2026-01-11,Sunday,Dinner,140,17.5,Cloudy,0,1,186.9,7.8,190.2,-32.2,159.5,138.3,21.2,13.3
2026-01-12,Monday,Breakfast,91,22.7,Sunny,0,0,138.3,21.2,82.5,0.1,86.5,80.1,6.4,7.4
2026-01-12,Monday,Lunch,216,16.5,Rainy,0,0,80.1,6.4,185.7,1.2,234.0,211.8,22.2,9.5
2026-01-12,Monday,Dinner,169,24.5,Sunny,0,0,211.8,22.2,172.0,-33.7,161.7,161.7,0.0,0.0
2026-01-13,Tuesday,Breakfast,104,18.8,Cloudy,0,0,161.7,0.0,76.1,4.0,116.9,91.8,25.1,21.5
2026-01-13,Tuesday,Lunch,229,19.3,Sunny,0,0,91.8,25.1,187.7,24.1,232.0,215.9,16.1,6.9
2026-01-13,Tuesday,Dinner,171,22.4,Sunny,0,0,215.9,16.1,152.7,9.0,200.7,161.1,39.6,19.7
2026-01-14,Wednesday,Breakfast,94,17.0,Cloudy,0,0,161.1,39.6,84.8,7.0,90.0,90.0,0.0,0.0
2026-01-14,Wednesday,Lunch,223,19.6,Cloudy,0,0,90.0,0.0,204.9,11.0,249.0,213.2,35.8,14.4
2026-01-14,Wednesday,Dinner,182,26.0,Cloudy,0,0,213.2,35.8,153.7,7.4,182.4,172.3,10.1,5.5
2026-01-15,Thursday,Breakfast,94,22.5,Sunny,0,0,172.3,10.1,87.3,2.7,97.7,97.7,0.0,0.0
2026-01-15,Thursday,Lunch,208,18.8,Sunny,0,0,97.7,0.0,213.6,-0.4,223.6,193.2,30.4,13.6
2026-01-15,Thursday,Dinner,166,20.2,Cloudy,0,0,193.2,30.4,165.0,7.3,171.2,156.4,14.8,8.6
2026-01-16,Friday,Breakfast,100,18.1,Cloudy,0,0,156.4,14.8,93.2,4.5,104.5,97.1,7.4,7.1
2026-01-16,Friday,Lunch,263,18.4,Cloudy,1,0,97.1,7.4,207.4,-14.2,278.2,258.6,19.6,7.0
2026-01-16,Friday,Dinner,183,23.8,Sunny,0,0,258.6,19.6,163.3,-6.9,210.1,160.7,49.4,23.5
2026-01-17,Saturday,Breakfast,69,20.0,Cloudy,0,1,160.7,49.4,94.9,2.2,66.7,54.2,12.5,18.7
2026-01-17,Saturday,Lunch,225,18.5,Cloudy,1,1,54.2,12.5,221.7,36.9,227.5,227.5,0.0,0.0
2026-01-17,Saturday,Dinner,151,20.0,Sunny,0,1,227.5,0.0,163.1,-2.4,171.5,153.4,18.1,10.6
2026-01-18,Sunday,Breakfast,60,19.8,Sunny,0,1,153.4,18.1,83.0,-28.8,67.5,67.5,0.0,0.0
2026-01-18,Sunday,Lunch,176,19.1,Cloudy,0,1,67.5,0.0,226.4,1.1,185.6,166.2,19.4,10.5
2026-01-18,Sunday,Dinner,160,20.6,Cloudy,0,1,166.2,19.4,156.8,-3.4,175.5,150.9,24.6,14.0
2026-01-19,Monday,Breakfast,101,14.6,Rainy,0,0,150.9,24.6,72.9,-5.4,94.2,94.2,0.0,0.0
2026-01-19,Monday,Lunch,224,21.0,Cloudy,0,0,94.2,0.0,217.4,-51.2,250.3,214.6,35.7,14.3
2026-01-19,Monday,Dinner,172,23.5,Sunny,0,0,214.6,35.7,155.0,-4.1,173.2,161.5,11.7,6.8
2026-01-20,Tuesday,Breakfast,109,19.8,Cloudy,0,0,161.5,11.7,72.0,22.2,121.0,99.4,21.6,17.9
2026-01-20,Tuesday,Lunch,232,22.6,Sunny,0,0,99.4,21.6,202.8,11.8,225.2,222.9,2.3,1.0
2026-01-20,Tuesday,Dinner,177,22.0,Sunny,0,0,222.9,2.3,155.3,6.2,209.7,162.1,47.6,22.7
2026-01-21,Wednesday,Breakfast,106,19.1,Rainy,0,0,162.1,47.6,87.0,12.4,107.0,96.8,10.2,9.5
2026-01-21,Wednesday,Lunch,210,17.5,Cloudy,0,0,96.8,10.2,201.2,21.7,226.6,197.3,29.3,12.9
2026-01-21,Wednesday,Dinner,188,22.1,Sunny,0,0,197.3,29.3,158.2,3.9,196.0,179.6,16.4,8.4
2026-01-22,Thursday,Breakfast,97,21.7,Sunny,0,0,179.6,16.4,96.8,-0.0,108.6,92.6,16.0,14.7
2026-01-22,Thursday,Lunch,213,21.8,Cloudy,0,0,92.6,16.0,211.6,-14.3,237.1,195.2,41.9,17.7
2026-01-22,Thursday,Dinner,176,22.4,Sunny,0,0,195.2,41.9,167.7,11.9,179.7,165.4,14.3,8.0
2026-01-23,Friday,Breakfast,104,25.1,Sunny,0,0,165.4,14.3,96.3,-3.7,108.1,97.0,11.1,10.3
2026-01-23,Friday,Lunch,220,16.6,Rainy,0,0,97.0,11.1,205.1,-9.9,252.1,222.5,29.6,11.7
2026-01-23,Friday,Dinner,180,23.7,Sunny,0,0,222.5,29.6,169.0,-3.6,183.4,179.4,4.0,2.2
2026-01-24,Saturday,Breakfast,59,21.6,Cloudy,0,1,179.4,4.0,95.5,1.5,64.3,62.3,2.0,3.1
2026-01-24,Saturday,Lunch,158,22.6,Sunny,0,1,62.3,2.0,205.0,17.5,180.6,143.2,37.4,20.7
2026-01-24,Saturday,Dinner,132,16.2,Rainy,0,1,143.2,37.4,174.8,4.6,141.3,131.9,9.4,6.7
2026-01-25,Sunday,Breakfast,68,21.3,Cloudy,0,1,131.9,9.4,84.0,-21.7,77.9,72.2,5.7,7.3
2026-01-25,Sunday,Lunch,180,22.2,Sunny,0,1,72.2,5.7,187.0,-43.8,202.1,168.6,33.5,16.6
2026-01-25,Sunday,Dinner,143,15.6,Cloudy,0,1,168.6,33.5,158.9,-27.0,152.2,134.5,17.7,11.6
2026-01-26,Monday,Breakfast,98,16.2,Rainy,0,0,134.5,17.7,77.2,-5.0,99.6,84.8,14.8,14.9
2026-01-26,Monday,Lunch,227,13.6,Rainy,0,0,84.8,14.8,178.1,-9.5,230.1,211.7,18.4,8.0
2026-01-26,Monday,Dinner,181,22.4,Cloudy,0,0,211.7,18.4,148.6,-14.1,211.7,181.0,30.7,14.5
2026-01-27,Tuesday,Breakfast,100,25.0,Sunny,0,0,181.0,30.7,73.1,11.7,101.4,98.5,2.9,2.9
2026-01-27,Tuesday,Lunch,197,25.6,Sunny,0,0,98.5,2.9,174.5,37.2,209.3,195.3,14.0,6.7
2026-01-27,Tuesday,Dinner,156,16.5,Rainy,0,0,195.3,14.0,149.1,31.9,182.7,164.3,18.4,10.1
2026-01-28,Wednesday,Breakfast,99,13.8,Rainy,0,0,164.3,18.4,85.2,13.3,102.5,102.5,0.0,0.0
2026-01-28,Wednesday,Lunch,225,23.2,Sunny,0,0,102.5,0.0,191.9,3.4,226.8,202.4,24.4,10.8
2026-01-28,Wednesday,Dinner,168,24.5,Sunny,0,0,202.4,24.4,159.9,4.4,168.5,161.3,7.2,4.3
2026-01-29,Thursday,Breakfast,98,20.0,Rainy,0,0,161.3,7.2,95.3,7.2,100.3,92.3,8.0,8.0
2026-01-29,Thursday,Lunch,201,21.9,Sunny,0,0,92.3,8.0,203.1,-0.7,211.3,187.6,23.7,11.2
2026-01-29,Thursday,Dinner,180,23.1,Sunny,0,0,187.6,23.7,168.9,-7.6,194.2,164.3,29.9,15.4
2026-01-30,Friday,Breakfast,135,16.8,Rainy,1,0,164.3,29.9,97.8,-5.5,137.7,132.0,5.7,4.1
2026-01-30,Friday,Lunch,203,22.4,Sunny,0,0,132.0,5.7,195.1,-7.5,216.4,180.2,36.2,16.7
2026-01-30,Friday,Dinner,243,22.9,Cloudy,1,0,180.2,36.2,163.3,1.0,263.0,228.8,34.2,13.0
2026-01-31,Saturday,Breakfast,60,21.7,Sunny,0,1,228.8,34.2,108.9,23.1,57.2,45.2,12.0,21.0
2026-01-31,Saturday,Lunch,214,23.9,Sunny,1,1,45.2,12.0,190.1,-9.9,223.8,203.0,20.8,9.3
2026-01-31,Saturday,Dinner,162,23.9,Sunny,0,1,203.0,20.8,184.8,44.0,156.5,152.2,4.3,2.7
2026-02-01,Sunday,Breakfast,57,26.2,Sunny,0,1,152.2,4.3,89.8,-44.6,57.9,57.9,0.0,0.0
2026-02-01,Sunday,Lunch,158,26.1,Sunny,0,1,57.9,0.0,190.3,12.7,159.8,138.7,21.1,13.2
2026-02-01,Sunday,Dinner,148,24.6,Sunny,0,1,138.7,21.1,181.8,-29.6,147.2,136.2,11.0,7.5
2026-02-02,Monday,Breakfast,104,19.2,Sunny,0,0,136.2,11.0,78.4,-20.5,118.8,96.1,22.7,19.1
2026-02-02,Monday,Lunch,210,15.0,Rainy,0,0,96.1,22.7,174.0,-35.3,211.9,202.1,9.8,4.6
2026-02-02,Monday,Dinner,197,20.3,Rainy,0,0,202.1,9.8,172.4,-36.2,214.1,188.4,25.7,12.0
2026-02-03,Tuesday,Breakfast,97,24.8,Sunny,0,0,188.4,25.7,66.4,29.7,97.1,89.0,8.1,8.3
2026-02-03,Tuesday,Lunch,223,21.7,Sunny,0,0,89.0,8.1,181.3,20.8,233.5,205.1,28.4,12.2
2026-02-03,Tuesday,Dinner,173,23.8,Sunny,0,0,205.1,28.4,158.9,29.5,181.9,167.9,14.0,7.7
2026-02-04,Wednesday,Breakfast,114,19.5,Cloudy,0,0,167.9,14.0,81.0,8.0,127.8,111.2,16.6,13.0
2026-02-04,Wednesday,Lunch,222,16.5,Rainy,0,0,111.2,16.6,182.0,23.1,227.3,218.2,9.1,4.0
2026-02-04,Wednesday,Dinner,197,24.7,Sunny,0,0,218.2,9.1,164.2,3.7,210.4,187.5,22.9,10.9
2026-02-05,Thursday,Breakfast,103,23.2,Sunny,0,0,187.5,22.9,98.8,12.4,101.9,101.9,0.0,0.0
2026-02-05,Thursday,Lunch,232,23.4,Sunny,0,0,101.9,0.0,208.5,9.7,247.3,203.8,43.5,17.6
2026-02-05,Thursday,Dinner,162,22.1,Sunny,0,0,203.8,43.5,181.3,6.2,175.4,152.4,23.0,13.1
2026-02-06,Friday,Breakfast,100,25.6,Sunny,0,0,152.4,23.0,100.7,1.2,93.6,83.6,10.0,10.7
2026-02-06,Friday,Lunch,232,23.1,Cloudy,0,0,83.6,10.0,209.0,-5.2,258.7,218.7,40.0,15.5
2026-02-06,Friday,Dinner,171,22.0,Sunny,0,0,218.7,40.0,169.3,-16.9,181.8,161.2,20.6,11.3
2026-02-07,Saturday,Breakfast,67,16.2,Rainy,0,1,161.2,20.6,98.9,-15.3,62.8,62.5,0.3,0.5
2026-02-07,Saturday,Lunch,188,25.8,Sunny,0,1,62.5,0.3,213.6,5.1,194.4,179.6,14.8,7.6
2026-02-07,Saturday,Dinner,154,27.5,Sunny,0,1,179.6,14.8,167.0,-5.8,169.2,150.6,18.6,11.0
2026-02-08,Sunday,Breakfast,75,24.5,Sunny,0,1,150.6,18.6,82.7,-20.2,82.6,71.3,11.3,13.7
2026-02-08,Sunday,Lunch,179,18.5,Rainy,0,1,71.3,11.3,200.7,-21.1,194.7,167.4,27.3,14.0
2026-02-08,Sunday,Dinner,154,24.5,Sunny,0,1,167.4,27.3,154.7,-4.1,168.6,137.8,30.8,18.3
2026-02-09,Monday,Breakfast,115,21.0,Cloudy,0,0,137.8,30.8,72.5,-1.2,111.8,111.8,0.0,0.0
2026-02-09,Monday,Lunch,278,26.2,Sunny,1,0,111.8,0.0,188.6,-21.2,299.5,262.6,36.9,12.3
2026-02-09,Monday,Dinner,193,14.3,Rainy,0,0,262.6,36.9,149.9,-12.1,196.6,183.4,13.2,6.7
2026-02-10,Tuesday,Breakfast,99,22.3,Sunny,0,0,183.4,13.2,81.9,29.9,112.3,74.2,38.1,33.9
2026-02-10,Tuesday,Lunch,206,24.2,Sunny,0,0,74.2,38.1,203.2,59.4,216.2,197.3,18.9,8.7
2026-02-10,Tuesday,Dinner,178,22.9,Sunny,0,0,197.3,18.9,157.3,26.1,186.3,185.3,1.0,0.5
2026-02-11,Wednesday,Breakfast,99,21.5,Cloudy,0,0,185.3,1.0,85.8,-11.6,101.5,94.1,7.4,7.3
2026-02-11,Wednesday,Lunch,205,29.0,Sunny,0,0,94.1,7.4,209.1,-11.8,220.4,190.9,29.5,13.4
2026-02-11,Wednesday,Dinner,167,27.1,Sunny,0,0,190.9,29.5,168.8,16.5,163.6,158.4,5.2,3.2
2026-02-12,Thursday,Breakfast,103,17.2,Rainy,0,0,158.4,5.2,93.4,0.7,103.0,93.2,9.8,9.5
2026-02-12,Thursday,Lunch,218,27.7,Sunny,0,0,93.2,9.8,216.9,-26.0,224.5,205.1,19.4,8.6
2026-02-12,Thursday,Dinner,178,24.7,Sunny,0,0,205.1,19.4,175.7,-17.3,187.2,158.8,28.4,15.2
2026-02-13,Friday,Breakfast,101,25.9,Sunny,0,0,158.8,28.4,87.2,6.0,98.1,96.7,1.4,1.4
2026-02-13,Friday,Lunch,207,20.4,Cloudy,0,0,96.7,1.4,197.8,7.3,219.4,196.9,22.5,10.3
2026-02-13,Friday,Dinner,166,15.3,Rainy,0,0,196.9,22.5,167.5,-8.7,167.3,157.0,10.3,6.2
2026-02-14,Saturday,Breakfast,51,26.0,Sunny,0,1,157.0,10.3,94.7,2.0,53.1,33.4,19.7,37.1
2026-02-14,Saturday,Lunch,188,20.7,Rainy,0,1,33.4,19.7,197.6,-0.7,209.9,184.0,25.9,12.3
2026-02-14,Saturday,Dinner,160,28.5,Sunny,0,1,184.0,25.9,158.1,-1.1,175.2,151.6,23.6,13.5
2026-02-15,Sunday,Breakfast,50,24.4,Sunny,0,1,151.6,23.6,74.4,-41.0,49.7,49.7,0.0,0.0
2026-02-15,Sunday,Lunch,235,20.9,Cloudy,1,1,49.7,0.0,195.3,-11.3,255.4,229.7,25.7,10.1
2026-02-15,Sunday,Dinner,151,23.5,Cloudy,0,1,229.7,25.7,155.8,-4.2,152.3,147.6,4.7,3.1
2026-02-16,Monday,Breakfast,101,24.2,Sunny,0,0,147.6,4.7,59.9,-10.2,105.0,90.7,14.3,13.6
2026-02-16,Monday,Lunch,227,22.3,Sunny,0,0,90.7,14.3,203.5,26.2,242.4,201.1,41.3,17.0
2026-02-16,Monday,Dinner,181,22.0,Cloudy,0,0,201.1,41.3,152.1,-4.5,185.5,166.1,19.4,10.5
2026-02-17,Tuesday,Breakfast,97,25.1,Sunny,0,0,166.1,19.4,57.9,32.8,97.7,92.9,4.8,4.9
2026-02-17,Tuesday,Lunch,219,25.5,Cloudy,0,0,92.9,4.8,204.9,-3.8,244.5,210.8,33.7,13.8
2026-02-17,Tuesday,Dinner,160,20.9,Cloudy,0,0,210.8,33.7,155.1,11.0,154.6,154.6,0.0,0.0
2026-02-18,Wednesday,Breakfast,98,15.6,Rainy,0,0,154.6,0.0,77.8,15.1,109.5,98.7,10.8,9.9
2026-02-18,Wednesday,Lunch,214,23.1,Cloudy,0,0,98.7,10.8,213.9,-3.1,229.0,205.6,23.4,10.2
2026-02-18,Wednesday,Dinner,181,26.5,Sunny,0,0,205.6,23.4,156.1,-1.5,196.6,162.6,34.0,17.3
2026-02-19,Thursday,Breakfast,106,20.0,Rainy,0,0,162.6,34.0,94.1,4.6,109.6,103.3,6.3,5.7
2026-02-19,Thursday,Lunch,226,22.6,Sunny,0,0,103.3,6.3,205.8,-0.2,236.7,214.0,22.7,9.6
2026-02-19,Thursday,Dinner,184,21.2,Cloudy,0,0,214.0,22.7,161.1,1.5,196.4,159.5,36.9,18.8
2026-02-20,Friday,Breakfast,101,26.7,Sunny,0,0,159.5,36.9,98.3,5.0,105.7,95.5,10.2,9.6
2026-02-20,Friday,Lunch,236,24.1,Cloudy,0,0,95.5,10.2,210.1,3.9,249.4,217.1,32.3,13.0
2026-02-20,Friday,Dinner,183,26.8,Sunny,0,0,217.1,32.3,158.9,0.6,185.6,168.9,16.7,9.0
2026-02-21,Saturday,Breakfast,58,24.9,Cloudy,0,1,168.9,16.7,99.2,-3.7,60.3,48.9,11.4,18.9
2026-02-21,Saturday,Lunch,160,21.8,Sunny,0,1,48.9,11.4,212.2,4.9,182.2,157.3,24.9,13.7
2026-02-21,Saturday,Dinner,165,24.9,Sunny,0,1,157.3,24.9,163.7,5.2,169.5,166.4,3.1,1.8
2026-02-22,Sunday,Breakfast,56,24.4,Sunny,0,1,166.4,3.1,82.6,-33.7,56.3,48.2,8.1,14.4
2026-02-22,Sunday,Lunch,171,20.5,Rainy,0,1,48.2,8.1,196.1,-38.8,189.9,159.4,30.5,16.1
2026-02-22,Sunday,Dinner,148,23.0,Cloudy,0,1,159.4,30.5,164.9,1.5,153.7,140.5,13.2,8.6
2026-02-23,Monday,Breakfast,97,22.7,Sunny,0,0,140.5,13.2,64.2,-16.0,98.5,95.3,3.2,3.2
2026-02-23,Monday,Lunch,234,19.4,Rainy,0,0,95.3,3.2,177.9,-18.5,246.3,228.1,18.2,7.4
2026-02-23,Monday,Dinner,170,24.0,Sunny,0,0,228.1,18.2,158.6,-18.1,182.0,159.7,22.3,12.3
2026-02-24,Tuesday,Breakfast,94,16.2,Cloudy,0,0,159.7,22.3,64.1,31.2,95.0,84.9,10.1,10.6
2026-02-24,Tuesday,Lunch,223,27.4,Sunny,0,0,84.9,10.1,181.6,46.5,244.3,211.8,32.5,13.3
2026-02-24,Tuesday,Dinner,187,19.2,Rainy,0,0,211.8,32.5,155.5,4.2,194.9,190.7,4.2,2.2
2026-02-25,Wednesday,Breakfast,97,24.7,Cloudy,0,0,190.7,4.2,76.1,8.8,107.5,85.3,22.2,20.7
2026-02-25,Wednesday,Lunch,225,26.3,Sunny,0,0,85.3,22.2,199.8,12.0,225.9,212.8,13.1,5.8
2026-02-25,Wednesday,Dinner,196,25.7,Sunny,0,0,212.8,13.1,163.6,27.1,206.4,185.7,20.7,10.0
2026-02-26,Thursday,Breakfast,100,23.6,Cloudy,0,0,185.7,20.7,88.5,-3.2,93.1,93.1,0.0,0.0
2026-02-26,Thursday,Lunch,217,19.0,Rainy,0,0,93.1,0.0,217.6,-4.8,239.3,209.8,29.5,12.3
2026-02-26,Thursday,Dinner,190,22.4,Sunny,0,0,209.8,29.5,178.7,7.0,201.9,174.7,27.2,13.5
2026-02-27,Friday,Breakfast,129,26.4,Sunny,1,0,174.7,27.2,87.8,5.3,132.0,110.9,21.1,16.0
2026-02-27,Friday,Lunch,214,19.7,Cloudy,0,0,110.9,21.1,211.5,-1.7,201.0,191.0,10.0,5.0
2026-02-27,Friday,Dinner,192,18.8,Cloudy,0,0,191.0,10.0,183.7,-9.0,207.2,189.7,17.5,8.4
2026-02-28,Saturday,Breakfast,53,18.4,Rainy,0,1,189.7,17.5,96.4,14.5,56.0,56.0,0.0,0.0
2026-02-28,Saturday,Lunch,187,23.9,Sunny,0,1,56.0,0.0,204.5,-13.5,192.8,174.3,18.5,9.6
2026-02-28,Saturday,Dinner,150,26.0,Sunny,0,1,174.3,18.5,183.4,6.3,178.2,140.4,37.8,21.2
2026-03-01,Sunday,Breakfast,64,27.9,Sunny,0,1,140.4,37.8,86.7,-30.7,66.1,65.2,0.9,1.4
2026-03-01,Sunday,Lunch,180,21.2,Cloudy,0,1,65.2,0.9,191.7,-17.4,200.9,170.6,30.3,15.1
2026-03-01,Sunday,Dinner,157,27.2,Sunny,0,1,170.6,30.3,168.3,-27.9,159.4,142.3,17.1,10.7
2026-03-02,Monday,Breakfast,99,24.7,Sunny,0,0,142.3,17.1,77.4,-12.2,103.3,98.9,4.4,4.3
2026-03-02,Monday,Lunch,283,24.8,Sunny,1,0,98.9,4.4,178.6,-8.0,302.4,269.7,32.7,10.8
2026-03-02,Monday,Dinner,168,24.8,Cloudy,0,0,269.7,32.7,157.5,-15.2,166.0,151.2,14.8,8.9
2026-03-03,Tuesday,Breakfast,114,19.0,Rainy,0,0,151.2,14.8,73.4,25.5,125.6,111.6,14.0,11.1
2026-03-03,Tuesday,Lunch,220,24.5,Sunny,0,0,111.6,14.0,204.9,64.8,238.0,199.8,38.2,16.1
2026-03-03,Tuesday,Dinner,174,22.6,Cloudy,0,0,199.8,38.2,144.6,6.6,168.5,160.4,8.1,4.8
2026-03-04,Wednesday,Breakfast,102,26.4,Cloudy,0,0,160.4,8.1,91.9,19.7,106.8,102.1,4.7,4.4
2026-03-04,Wednesday,Lunch,221,24.3,Cloudy,0,0,102.1,4.7,213.4,-13.6,247.4,214.4,33.0,13.3
2026-03-04,Wednesday,Dinner,203,26.9,Sunny,0,0,214.4,33.0,151.3,9.1,219.0,186.3,32.7,14.9
2026-03-05,Thursday,Breakfast,93,25.4,Sunny,0,0,186.3,32.7,104.2,-2.1,95.4,83.7,11.7,12.3
2026-03-05,Thursday,Lunch,218,28.6,Cloudy,0,0,83.7,11.7,228.0,-13.6,223.8,205.2,18.6,8.3
2026-03-05,Thursday,Dinner,191,23.5,Cloudy,0,0,205.2,18.6,166.0,20.3,219.6,178.8,40.8,18.6
2026-03-06,Friday,Breakfast,94,20.0,Cloudy,0,0,178.8,40.8,99.1,-15.4,91.9,89.9,2.0,2.2
2026-03-06,Friday,Lunch,198,25.2,Cloudy,0,0,89.9,2.0,206.5,-1.3,214.9,182.1,32.8,15.3
2026-03-06,Friday,Dinner,166,20.3,Rainy,0,0,182.1,32.8,175.2,3.6,175.4,158.3,17.1,9.7
2026-03-07,Saturday,Breakfast,61,20.1,Rainy,0,1,158.3,17.1,91.9,-2.0,65.3,57.7,7.6,11.6
2026-03-07,Saturday,Lunch,190,26.1,Sunny,0,1,57.7,7.6,200.6,-18.5,194.0,186.6,7.4,3.8
2026-03-07,Saturday,Dinner,161,23.3,Sunny,0,1,186.6,7.4,174.5,-16.2,175.0,142.6,32.4,18.5
2026-03-08,Sunday,Breakfast,58,20.7,Cloudy,0,1,142.6,32.4,77.1,-19.4,55.9,55.1,0.8,1.4
2026-03-08,Sunday,Lunch,184,21.2,Cloudy,0,1,55.1,0.8,191.3,-4.7,202.9,163.2,39.7,19.6
2026-03-08,Sunday,Dinner,166,28.0,Sunny,0,1,163.2,39.7,159.9,-17.3,172.2,158.7,13.5,7.8
2026-03-09,Monday,Breakfast,98,20.4,Rainy,0,0,158.7,13.5,67.6,-12.5,98.5,92.2,6.3,6.4
2026-03-09,Monday,Lunch,206,26.3,Sunny,0,0,92.2,6.3,177.3,-14.1,206.5,194.2,12.3,6.0
2026-03-09,Monday,Dinner,181,23.0,Sunny,0,0,194.2,12.3,153.2,5.5,212.1,173.3,38.8,18.3
2026-03-10,Tuesday,Breakfast,117,22.9,Sunny,0,0,173.3,38.8,68.3,23.9,110.5,110.5,0.0,0.0
2026-03-10,Tuesday,Lunch,223,21.8,Cloudy,0,0,110.5,0.0,181.3,12.9,237.1,205.1,32.0,13.5
2026-03-10,Tuesday,Dinner,170,20.7,Rainy,0,0,205.1,32.0,158.2,15.1,174.2,167.7,6.5,3.7
2026-03-11,Wednesday,Breakfast,97,24.4,Cloudy,0,0,167.7,6.5,85.9,24.6,110.2,91.7,18.5,16.8
2026-03-11,Wednesday,Lunch,228,21.8,Cloudy,0,0,91.7,18.5,187.5,17.6,230.8,225.8,5.0,2.2
2026-03-11,Wednesday,Dinner,190,21.7,Cloudy,0,0,225.8,5.0,166.6,1.1,220.1,176.8,43.3,19.7
2026-03-12,Thursday,Breakfast,102,27.8,Sunny,0,0,176.8,43.3,98.1,-6.4,104.9,104.2,0.7,0.7
2026-03-12,Thursday,Lunch,237,21.6,Cloudy,0,0,104.2,0.7,208.4,17.4,240.4,221.0,19.4,8.1
2026-03-12,Thursday,Dinner,162,24.5,Sunny,0,0,221.0,19.4,172.6,4.2,173.9,145.3,28.6,16.4
2026-03-13,Friday,Breakfast,101,23.0,Sunny,0,0,145.3,28.6,102.1,2.1,101.9,90.0,11.9,11.7
2026-03-13,Friday,Lunch,210,19.9,Cloudy,0,0,90.0,11.9,217.3,3.7,210.1,179.9,30.2,14.4
2026-03-13,Friday,Dinner,195,31.0,Sunny,0,0,179.9,30.2,163.3,-18.0,200.9,158.8,42.1,21.0
2026-03-14,Saturday,Breakfast,63,25.2,Cloudy,0,1,158.8,42.1,95.3,-5.3,59.9,59.9,0.0,0.0
2026-03-14,Saturday,Lunch,226,20.5,Rainy,1,1,59.9,0.0,208.9,-29.0,228.6,228.6,0.0,0.0
2026-03-14,Saturday,Dinner,142,25.4,Sunny,0,1,228.6,0.0,160.3,-1.5,154.1,134.7,19.4,12.6
2026-03-15,Sunday,Breakfast,56,26.6,Cloudy,0,1,134.7,19.4,84.7,-24.8,56.8,41.5,15.3,26.9
2026-03-15,Sunday,Lunch,183,25.3,Sunny,0,1,41.5,15.3,209.8,18.8,198.0,167.8,30.2,15.3
2026-03-15,Sunday,Dinner,168,27.7,Sunny,0,1,167.8,30.2,146.3,-11.6,173.5,157.4,16.1,9.3
2026-03-16,Monday,Breakfast,100,28.0,Sunny,0,0,157.4,16.1,63.8,-22.3,103.1,94.3,8.8,8.5
2026-03-16,Monday,Lunch,235,27.2,Sunny,0,0,94.3,8.8,192.1,-24.3,266.0,218.8,47.2,17.7
2026-03-16,Monday,Dinner,172,28.5,Sunny,0,0,218.8,47.2,150.3,7.1,180.5,159.6,20.9,11.6
2026-03-17,Tuesday,Breakfast,113,29.5,Sunny,0,0,159.6,20.9,65.2,29.1,106.2,97.6,8.6,8.1
2026-03-17,Tuesday,Lunch,225,23.6,Cloudy,0,0,97.6,8.6,205.1,13.7,244.7,211.8,32.9,13.4
2026-03-17,Tuesday,Dinner,195,27.0,Sunny,0,0,211.8,32.9,150.6,9.0,199.8,171.5,28.3,14.2
2026-03-18,Wednesday,Breakfast,95,21.1,Rainy,0,0,171.5,28.3,77.8,19.8,96.2,96.2,0.0,0.0
2026-03-18,Wednesday,Lunch,223,19.3,Rainy,0,0,96.2,0.0,199.5,12.3,241.6,214.8,26.8,11.1
2026-03-18,Wednesday,Dinner,172,25.4,Sunny,0,0,214.8,26.8,162.8,8.7,165.7,161.9,3.8,2.3
2026-03-19,Thursday,Breakfast,106,23.0,Cloudy,0,0,161.9,3.8,96.0,0.2,116.0,100.4,15.6,13.4
2026-03-19,Thursday,Lunch,203,25.3,Sunny,0,0,100.4,15.6,215.1,-0.3,216.5,202.5,14.0,6.5
2026-03-19,Thursday,Dinner,169,28.2,Sunny,0,0,202.5,14.0,164.3,-2.4,189.3,163.3,26.0,13.7
2026-03-20,Friday,Breakfast,98,30.4,Sunny,0,0,163.3,26.0,98.1,2.3,102.4,99.8,2.6,2.5
2026-03-20,Friday,Lunch,220,28.6,Sunny,0,0,99.8,2.6,209.7,-7.2,247.1,212.3,34.8,14.1
2026-03-20,Friday,Dinner,182,26.2,Sunny,0,0,212.3,34.8,165.6,-2.3,194.0,172.0,22.0,11.3
2026-03-21,Saturday,Breakfast,71,24.3,Cloudy,1,1,172.0,22.0,98.8,1.0,68.6,62.6,6.0,8.7
2026-03-21,Saturday,Lunch,185,27.7,Sunny,0,1,62.6,6.0,209.9,2.4,201.0,166.2,34.8,17.3
2026-03-21,Saturday,Dinner,155,23.7,Sunny,0,1,166.2,34.8,165.7,6.3,166.8,145.7,21.1,12.6
2026-03-22,Sunday,Breakfast,66,26.9,Sunny,0,1,145.7,21.1,87.6,-25.0,67.7,63.9,3.8,5.6
2026-03-22,Sunday,Lunch,160,28.2,Sunny,0,1,63.9,3.8,193.7,-27.5,176.1,147.9,28.2,16.0
2026-03-22,Sunday,Dinner,154,27.8,Sunny,0,1,147.9,28.2,160.3,-14.6,160.3,144.6,15.7,9.8
2026-03-23,Monday,Breakfast,84,26.2,Cloudy,0,0,144.6,15.7,75.4,-11.5,85.5,79.4,6.1,7.1
2026-03-23,Monday,Lunch,220,28.7,Sunny,0,0,79.4,6.1,175.5,-27.6,233.8,207.3,26.5,11.3
2026-03-23,Monday,Dinner,185,24.2,Sunny,0,0,207.3,26.5,154.1,-9.5,193.7,164.9,28.8,14.9
2026-03-24,Tuesday,Breakfast,99,26.6,Sunny,0,0,164.9,28.8,68.6,10.8,104.2,94.1,10.1,9.7
2026-03-24,Tuesday,Lunch,215,27.2,Sunny,0,0,94.1,10.1,173.8,33.5,217.5,197.2,20.3,9.3
2026-03-24,Tuesday,Dinner,172,24.9,Cloudy,0,0,197.2,20.3,151.7,13.2,171.6,164.7,6.9,4.0
2026-03-25,Wednesday,Breakfast,93,27.1,Cloudy,0,0,164.7,6.9,79.1,15.0,105.1,86.0,19.1,18.2
2026-03-25,Wednesday,Lunch,204,27.0,Sunny,0,0,86.0,19.1,184.1,13.1,226.9,195.6,31.3,13.8
2026-03-25,Wednesday,Dinner,175,29.3,Sunny,0,0,195.6,31.3,158.1,6.6,173.4,164.4,9.0,5.2
2026-03-26,Thursday,Breakfast,93,25.2,Cloudy,0,0,164.4,9.0,86.5,-0.5,94.2,87.3,6.9,7.3
2026-03-26,Thursday,Lunch,204,29.0,Sunny,0,0,87.3,6.9,200.0,-4.4,213.2,191.5,21.7,10.2
2026-03-26,Thursday,Dinner,175,20.9,Cloudy,0,0,191.5,21.7,164.7,-0.3,189.3,174.8,14.5,7.7
2026-03-27,Friday,Breakfast,106,20.7,Rainy,0,0,174.8,14.5,89.1,-1.8,112.6,96.0,16.6,14.7
2026-03-27,Friday,Lunch,232,27.9,Sunny,0,0,96.0,16.6,194.8,-3.3,253.4,223.3,30.1,11.9
2026-03-27,Friday,Dinner,221,25.6,Cloudy,1,0,223.3,30.1,168.0,6.8,234.1,214.8,19.3,8.2
2026-03-28,Saturday,Breakfast,78,27.8,Sunny,1,1,214.8,19.3,89.8,6.2,78.6,73.1,5.5,7.0
2026-03-28,Saturday,Lunch,165,28.5,Sunny,0,1,73.1,5.5,203.5,19.8,171.8,164.2,7.6,4.4
2026-03-28,Saturday,Dinner,165,29.4,Sunny,0,1,164.2,7.6,184.7,30.1,177.8,163.4,14.4,8.1
2026-03-29,Sunday,Breakfast,63,29.5,Sunny,0,1,163.4,14.4,85.5,-12.4,66.4,66.4,0.0,0.0
2026-03-29,Sunday,Lunch,163,28.8,Sunny,0,1,66.4,0.0,193.0,-28.8,163.4,156.4,7.0,4.3
2026-03-29,Sunday,Dinner,168,25.1,Rainy,0,1,156.4,7.0,184.3,-20.9,193.7,177.2,16.5,8.5
2026-03-30,Monday,Breakfast,102,23.8,Cloudy,0,0,177.2,16.5,78.5,-12.1,108.4,88.6,19.8,18.3
2026-03-30,Monday,Lunch,213,21.8,Cloudy,0,0,88.6,19.8,181.3,-24.9,218.6,197.9,20.7,9.5
2026-03-30,Monday,Dinner,189,18.9,Rainy,0,0,197.9,20.7,185.1,-7.9,200.7,184.1,16.6,8.3
2026-03-31,Tuesday,Breakfast,105,28.9,Sunny,0,0,184.1,16.6,76.0,12.6,115.0,103.8,11.2,9.7
2026-03-31,Tuesday,Lunch,220,29.0,Sunny,0,0,103.8,11.2,172.8,25.1,246.3,209.6,36.7,14.9
2026-03-31,Tuesday,Dinner,185,27.2,Sunny,0,0,209.6,36.7,174.9,9.2,190.8,179.0,11.8,6.2
2026-04-01,Wednesday,Breakfast,100,25.1,Sunny,0,0,179.0,11.8,86.3,17.5,109.2,99.3,9.9,9.1
2026-04-01,Wednesday,Lunch,216,26.2,Cloudy,0,0,99.3,9.9,188.0,21.6,223.2,202.9,20.3,9.1
2026-04-01,Wednesday,Dinner,175,27.8,Cloudy,0,0,202.9,20.3,180.1,-1.1,182.3,176.2,6.1,3.3
2026-04-02,Thursday,Breakfast,101,29.3,Sunny,0,0,176.2,6.1,97.2,2.1,100.7,100.7,0.0,0.0
2026-04-02,Thursday,Lunch,205,23.0,Cloudy,0,0,100.7,0.0,203.5,-0.6,235.0,197.8,37.2,15.8
2026-04-02,Thursday,Dinner,186,27.9,Sunny,0,0,197.8,37.2,179.8,-3.6,193.2,177.2,16.0,8.3
2026-04-03,Friday,Breakfast,125,31.7,Sunny,1,0,177.2,16.0,101.3,-0.6,139.5,110.6,28.9,20.7
2026-04-03,Friday,Lunch,249,30.9,Sunny,0,0,110.6,28.9,203.4,-5.6,230.5,230.5,0.0,0.0
2026-04-03,Friday,Dinner,200,32.0,Sunny,0,0,230.5,0.0,177.5,-0.3,215.7,183.2,32.5,15.1
2026-04-04,Saturday,Breakfast,66,26.8,Cloudy,0,1,183.2,32.5,103.5,7.1,67.0,57.5,9.5,14.2
2026-04-04,Saturday,Lunch,239,20.8,Cloudy,1,1,57.5,9.5,210.4,20.1,241.3,226.8,14.5,6.0
2026-04-04,Saturday,Dinner,155,25.4,Sunny,0,1,226.8,14.5,178.9,4.3,170.8,149.7,21.1,12.4
2026-04-05,Sunday,Breakfast,61,25.2,Cloudy,0,1,149.7,21.1,89.6,-32.1,60.7,54.7,6.0,9.9
2026-04-05,Sunday,Lunch,157,30.8,Sunny,0,1,54.7,6.0,218.4,8.4,157.1,139.4,17.7,11.3
2026-04-05,Sunday,Dinner,161,27.9,Sunny,0,1,139.4,17.7,170.0,-20.3,173.4,153.6,19.8,11.4
2026-04-06,Monday,Breakfast,97,28.7,Sunny,0,0,153.6,19.8,74.3,-19.6,108.4,94.0,14.4,13.3
2026-04-06,Monday,Lunch,219,26.9,Sunny,0,0,94.0,14.4,198.9,-59.5,232.6,205.7,26.9,11.6
2026-04-06,Monday,Dinner,183,29.1,Cloudy,0,0,205.7,26.9,162.2,-8.6,178.0,164.3,13.7,7.7
2026-04-07,Tuesday,Breakfast,100,26.6,Cloudy,0,0,164.3,13.7,68.7,25.3,103.6,93.3,10.3,9.9
2026-04-07,Tuesday,Lunch,208,28.6,Sunny,0,0,93.3,10.3,190.6,15.1,231.0,189.1,41.9,18.1
2026-04-07,Tuesday,Dinner,179,28.1,Sunny,0,0,189.1,41.9,155.9,8.4,179.6,151.3,28.3,15.8
2026-04-08,Wednesday,Breakfast,131,23.7,Rainy,1,0,151.3,28.3,80.7,12.6,130.2,130.2,0.0,0.0
2026-04-08,Wednesday,Lunch,212,21.9,Rainy,0,0,130.2,0.0,178.1,11.0,217.6,213.3,4.3,2.0
2026-04-08,Wednesday,Dinner,180,26.8,Sunny,0,0,213.3,4.3,156.4,-5.1,196.4,171.6,24.8,12.6
2026-04-09,Thursday,Breakfast,96,28.4,Sunny,0,0,171.6,24.8,105.8,24.4,95.0,91.6,3.4,3.6
2026-04-09,Thursday,Lunch,216,31.2,Sunny,0,0,91.6,3.4,202.7,10.6,238.2,191.1,47.1,19.8
2026-04-09,Thursday,Dinner,171,29.0,Sunny,0,0,191.1,47.1,162.4,9.2,174.4,163.8,10.6,6.1
2026-04-10,Friday,Breakfast,95,30.9,Sunny,0,0,163.8,10.6,105.0,-13.4,102.0,89.8,12.2,12.0
2026-04-10,Friday,Lunch,219,25.1,Cloudy,0,0,89.8,12.2,197.8,-6.7,223.6,201.3,22.3,10.0
2026-04-10,Friday,Dinner,164,27.8,Sunny,0,0,201.3,22.3,162.2,1.6,177.1,154.8,22.3,12.6
2026-04-11,Saturday,Breakfast,63,21.7,Rainy,0,1,154.8,22.3,103.9,-14.1,62.4,62.4,0.0,0.0
2026-04-11,Saturday,Lunch,242,29.2,Sunny,1,1,62.4,0.0,201.9,-0.6,255.0,238.3,16.7,6.5
2026-04-11,Saturday,Dinner,155,23.0,Cloudy,0,1,238.3,16.7,163.4,-8.6,180.0,158.8,21.2,11.8
2026-04-12,Sunday,Breakfast,52,31.4,Sunny,0,1,158.8,21.2,81.3,-18.9,52.7,49.7,3.0,5.7
2026-04-12,Sunday,Lunch,170,27.9,Cloudy,0,1,49.7,3.0,210.2,28.1,174.1,157.5,16.6,9.5
2026-04-12,Sunday,Dinner,150,21.7,Rainy,0,1,157.5,16.6,159.1,-0.3,169.9,138.9,31.0,18.2
2026-04-13,Monday,Breakfast,101,29.8,Sunny,0,0,138.9,31.0,67.3,-17.6,106.3,94.4,11.9,11.2
2026-04-13,Monday,Lunch,204,27.3,Cloudy,0,0,94.4,11.9,199.0,-41.5,203.7,190.0,13.7,6.7
2026-04-13,Monday,Dinner,182,32.7,Sunny,0,0,190.0,13.7,150.8,-11.9,193.9,161.5,32.4,16.7
2026-04-14,Tuesday,Breakfast,110,21.9,Rainy,0,0,161.5,32.4,68.8,25.6,105.6,105.6,0.0,0.0
2026-04-14,Tuesday,Lunch,237,29.3,Sunny,0,0,105.6,0.0,195.3,-5.3,248.1,231.9,16.2,6.5
2026-04-14,Tuesday,Dinner,173,29.5,Sunny,0,0,231.9,16.2,153.1,8.4,188.7,159.7,29.0,15.4
2026-04-15,Wednesday,Breakfast,107,31.0,Sunny,0,0,159.7,29.0,83.2,22.4,105.1,105.1,0.0,0.0
2026-04-15,Wednesday,Lunch,224,21.9,Rainy,0,0,105.1,0.0,193.1,38.8,234.1,214.0,20.1,8.6
2026-04-15,Wednesday,Dinner,185,25.9,Cloudy,0,0,214.0,20.1,153.4,6.3,194.9,180.0,14.9,7.6
2026-04-16,Thursday,Breakfast,106,27.3,Sunny,0,0,180.0,14.9,101.7,3.4,120.6,90.4,30.2,25.0
2026-04-16,Thursday,Lunch,228,24.1,Rainy,0,0,90.4,30.2,212.0,2.0,230.2,226.3,3.9,1.7
2026-04-16,Thursday,Dinner,161,29.3,Sunny,0,0,226.3,3.9,167.1,12.9,188.6,135.4,53.2,28.2
2026-04-17,Friday,Breakfast,129,30.3,Sunny,1,0,135.4,53.2,100.4,-10.0,131.5,121.4,10.1,7.7
2026-04-17,Friday,Lunch,214,22.7,Rainy,0,0,121.4,10.1,224.1,2.2,242.5,215.0,27.5,11.3
2026-04-17,Friday,Dinner,174,28.4,Cloudy,0,0,215.0,27.5,158.4,-23.0,168.3,166.1,2.2,1.3
2026-04-18,Saturday,Breakfast,66,33.2,Sunny,1,1,166.1,2.2,105.6,15.8,71.7,61.9,9.8,13.7
2026-04-18,Saturday,Lunch,217,31.8,Sunny,1,1,61.9,9.8,218.4,-3.4,245.3,204.1,41.2,16.8
2026-04-18,Saturday,Dinner,206,33.0,Sunny,1,1,204.1,41.2,160.5,5.6,197.4,182.9,14.5,7.3
2026-04-19,Sunday,Breakfast,60,28.7,Sunny,0,1,182.9,14.5,91.2,-29.3,60.6,49.9,10.7,17.7
2026-04-19,Sunday,Lunch,184,23.4,Rainy,0,1,49.9,10.7,215.1,-11.0,195.2,195.2,0.0,0.0
2026-04-19,Sunday,Dinner,149,32.7,Sunny,0,1,195.2,0.0,161.5,21.4,168.6,130.2,38.4,22.8
2026-04-20,Monday,Breakfast,93,28.8,Cloudy,0,0,130.2,38.4,77.7,-27.8,91.8,91.8,0.0,0.0
2026-04-20,Monday,Lunch,188,29.6,Sunny,0,0,91.8,0.0,204.8,-9.6,208.3,177.6,30.7,14.7
2026-04-20,Monday,Dinner,178,31.1,Sunny,0,0,177.6,30.7,159.7,-29.5,179.0,155.3,23.7,13.2
2026-04-21,Tuesday,Breakfast,87,29.8,Sunny,0,0,155.3,23.7,67.9,23.9,82.2,71.2,11.0,13.4
2026-04-21,Tuesday,Lunch,300,31.5,Sunny,1,0,71.2,11.0,192.3,-14.7,324.7,269.0,55.7,17.2
2026-04-21,Tuesday,Dinner,178,30.8,Sunny,0,0,269.0,55.7,156.1,-0.8,172.6,168.8,3.8,2.2
2026-04-22,Wednesday,Breakfast,99,28.9,Sunny,0,0,168.8,3.8,71.0,0.2,109.1,100.6,8.5,7.8
2026-04-22,Wednesday,Lunch,211,22.5,Rainy,0,0,100.6,8.5,213.9,55.1,239.0,194.2,44.8,18.7
2026-04-22,Wednesday,Dinner,189,24.4,Cloudy,0,0,194.2,44.8,151.4,17.4,206.2,173.9,32.3,15.7
2026-04-23,Thursday,Breakfast,96,27.6,Cloudy,0,0,173.9,32.3,87.9,12.7,94.1,88.4,5.7,6.1
2026-04-23,Thursday,Lunch,240,28.7,Sunny,0,0,88.4,5.7,213.6,-19.4,241.7,222.2,19.5,8.1
2026-04-23,Thursday,Dinner,178,31.3,Sunny,0,0,222.2,19.5,166.0,7.9,201.0,149.0,52.0,25.9
2026-04-24,Friday,Breakfast,101,33.0,Sunny,0,0,149.0,52.0,86.7,1.7,104.8,100.3,4.5,4.3
2026-04-24,Friday,Lunch,276,27.5,Cloudy,1,0,100.3,4.5,228.5,-6.3,287.3,267.5,19.8,6.9
2026-04-24,Friday,Dinner,158,30.0,Sunny,0,0,267.5,19.8,163.9,-14.9,181.7,153.6,28.1,15.5
2026-04-25,Saturday,Breakfast,65,28.3,Cloudy,0,1,153.6,28.1,96.4,3.9,62.3,52.7,9.6,15.4
2026-04-25,Saturday,Lunch,182,29.2,Cloudy,0,1,52.7,9.6,228.0,39.5,204.8,174.5,30.3,14.8
2026-04-25,Saturday,Dinner,145,20.2,Rainy,0,1,174.5,30.3,158.8,-5.2,153.0,151.2,1.8,1.2
2026-04-26,Sunday,Breakfast,58,24.6,Cloudy,0,1,151.2,1.8,80.5,-27.8,59.0,46.0,13.0,22.0
2026-04-26,Sunday,Lunch,223,21.8,Rainy,1,1,46.0,13.0,221.4,-46.9,233.6,233.6,0.0,0.0
2026-04-26,Sunday,Dinner,164,33.1,Sunny,0,1,233.6,0.0,151.3,-0.1,185.5,136.0,49.5,26.7
2026-04-27,Monday,Breakfast,97,34.1,Sunny,0,0,136.0,49.5,66.3,-20.3,95.7,87.9,7.8,8.2
2026-04-27,Monday,Lunch,205,23.6,Rainy,0,0,87.9,7.8,225.2,8.4,205.0,198.4,6.6,3.2
2026-04-27,Monday,Dinner,176,24.4,Cloudy,0,0,198.4,6.6,146.9,-10.9,199.0,170.3,28.7,14.4
2026-04-28,Tuesday,Breakfast,90,27.1,Cloudy,0,0,170.3,28.7,62.2,25.7,86.7,74.2,12.5,14.4
2026-04-28,Tuesday,Lunch,204,31.1,Sunny,0,0,74.2,12.5,202.2,-3.8,216.8,184.0,32.8,15.1
2026-04-28,Tuesday,Dinner,166,31.7,Sunny,0,0,184.0,32.8,152.5,17.8,181.3,140.0,41.3,22.8
2026-04-29,Wednesday,Breakfast,89,32.6,Sunny,0,0,140.0,41.3,69.4,4.8,87.6,87.6,0.0,0.0
2026-04-29,Wednesday,Lunch,223,29.2,Sunny,0,0,87.6,0.0,205.3,-21.3,241.3,215.9,25.4,10.5
2026-04-29,Wednesday,Dinner,166,27.0,Cloudy,0,0,215.9,25.4,148.8,-8.8,163.7,163.7,0.0,0.0
2026-04-30,Thursday,Breakfast,101,21.2,Rainy,0,0,163.7,0.0,83.2,4.4,113.9,111.4,2.5,2.2
2026-04-30,Thursday,Lunch,223,30.3,Sunny,0,0,111.4,2.5,199.4,16.5,253.9,214.0,39.9,15.7
2026-04-30,Thursday,Dinner,179,30.3,Sunny,0,0,214.0,39.9,158.0,5.7,192.9,171.0,21.9,11.4
2026-05-01,Friday,Breakfast,94,28.4,Sunny,0,0,171.0,21.9,91.1,20.3,92.8,84.2,8.6,9.3
2026-05-01,Friday,Lunch,235,33.5,Sunny,0,0,84.2,8.6,204.6,9.4,261.2,204.4,56.8,21.7
2026-05-01,Friday,Dinner,177,33.1,Sunny,0,0,204.4,56.8,158.2,12.8,184.7,159.9,24.8,13.4
2026-05-02,Saturday,Breakfast,89,18.8,Rainy,1,1,159.9,24.8,94.4,-10.2,90.5,88.2,2.3,2.5
2026-05-02,Saturday,Lunch,166,27.3,Cloudy,0,1,88.2,2.3,211.4,-7.0,170.7,151.7,19.0,11.1
2026-05-02,Saturday,Dinner,193,25.6,Rainy,1,1,151.7,19.0,164.9,-5.0,200.4,200.4,0.0,0.0
2026-05-03,Sunday,Breakfast,64,29.1,Cloudy,0,1,200.4,0.0,94.6,-6.4,70.1,65.8,4.3,6.1
2026-05-03,Sunday,Lunch,165,29.5,Cloudy,0,1,65.8,4.3,190.0,-38.3,176.5,156.6,19.9,11.3
2026-05-03,Sunday,Dinner,135,28.2,Sunny,0,1,156.6,19.9,177.1,23.3,157.0,121.4,35.6,22.7
2026-05-04,Monday,Breakfast,100,23.7,Rainy,0,0,121.4,35.6,79.4,-13.6,95.8,95.8,0.0,0.0
2026-05-04,Monday,Lunch,220,33.9,Sunny,0,0,95.8,0.0,170.9,-14.3,226.9,182.3,44.6,19.7
2026-05-04,Monday,Dinner,178,29.9,Sunny,0,0,182.3,44.6,160.6,-39.2,192.9,172.2,20.7,10.7
2026-05-05,Tuesday,Breakfast,99,28.6,Sunny,0,0,172.2,20.7,83.3,12.5,95.7,93.5,2.2,2.3
2026-05-05,Tuesday,Lunch,220,28.8,Cloudy,0,0,93.5,2.2,163.5,18.8,234.1,213.8,20.3,8.7
2026-05-05,Tuesday,Dinner,182,30.2,Sunny,0,0,213.8,20.3,164.7,7.5,195.1,176.7,18.4,9.4
2026-05-06,Wednesday,Breakfast,93,26.7,Cloudy,0,0,176.7,18.4,85.0,8.5,103.5,87.9,15.6,15.1
2026-05-06,Wednesday,Lunch,219,28.1,Sunny,0,0,87.9,15.6,184.2,29.6,242.9,202.2,40.7,16.8
2026-05-06,Wednesday,Dinner,227,31.7,Sunny,1,0,202.2,40.7,156.8,19.9,225.4,206.7,18.7,8.3
2026-05-07,Thursday,Breakfast,106,27.0,Cloudy,0,0,206.7,18.7,92.4,-4.5,119.1,90.2,28.9,24.3
2026-05-07,Thursday,Lunch,217,30.0,Sunny,0,0,90.2,28.9,199.4,2.8,226.2,210.6,15.6,6.9
2026-05-07,Thursday,Dinner,201,31.4,Sunny,0,0,210.6,15.6,185.2,21.5,208.4,186.8,21.6,10.4
2026-05-08,Friday,Breakfast,101,33.3,Sunny,0,0,186.8,21.6,90.5,-0.3,103.2,95.4,7.8,7.6
2026-05-08,Friday,Lunch,299,22.7,Rainy,1,0,95.4,7.8,208.9,1.7,300.1,300.1,0.0,0.0
2026-05-08,Friday,Dinner,149,33.8,Sunny,0,0,300.1,0.0,190.1,-3.3,165.1,131.2,33.9,20.5
2026-05-09,Saturday,Breakfast,69,29.1,Sunny,1,1,131.2,33.9,91.2,4.2,71.1,63.8,7.3,10.3
2026-05-09,Saturday,Lunch,171,27.3,Rainy,0,1,63.8,7.3,237.6,62.5,193.0,182.3,10.7,5.5
2026-05-09,Saturday,Dinner,170,33.4,Sunny,0,1,182.3,10.7,174.9,-43.7,195.8,152.2,43.6,22.3
2026-05-10,Sunday,Breakfast,69,30.1,Sunny,0,1,152.2,43.6,83.1,-19.3,65.2,59.5,5.7,8.7
2026-05-10,Sunday,Lunch,157,23.2,Rainy,0,1,59.5,5.7,231.0,-48.7,162.8,154.1,8.7,5.3
2026-05-10,Sunday,Dinner,182,26.9,Cloudy,1,1,154.1,8.7,156.7,-4.5,189.1,168.6,20.5,10.8
2026-05-11,Monday,Breakfast,84,31.4,Sunny,0,0,168.6,20.5,72.9,-13.4,77.1,77.1,0.0,0.0
2026-05-11,Monday,Lunch,246,33.2,Sunny,0,0,77.1,0.0,212.2,-58.1,256.7,218.0,38.7,15.1
2026-05-11,Monday,Dinner,196,29.1,Cloudy,0,0,218.0,38.7,150.7,17.9,190.2,189.0,1.2,0.6
2026-05-12,Tuesday,Breakfast,135,33.0,Sunny,1,0,189.0,1.2,66.8,10.3,145.0,125.8,19.2,13.2
2026-05-12,Tuesday,Lunch,202,33.7,Sunny,0,0,125.8,19.2,184.8,33.2,225.0,179.0,46.0,20.4
2026-05-12,Tuesday,Dinner,175,32.4,Sunny,0,0,179.0,46.0,169.9,19.1,172.6,152.7,19.9,11.5
2026-05-13,Wednesday,Breakfast,99,35.0,Sunny,0,0,152.7,19.9,87.5,38.3,113.0,93.2,19.8,17.5
2026-05-13,Wednesday,Lunch,211,32.4,Sunny,0,0,93.2,19.8,183.7,-4.7,214.7,181.5,33.2,15.5
2026-05-13,Wednesday,Dinner,195,29.7,Cloudy,0,0,181.5,33.2,170.1,-17.4,196.8,186.8,10.0,5.1
2026-05-14,Thursday,Breakfast,103,31.1,Cloudy,0,0,186.8,10.0,98.7,-5.5,107.1,95.2,11.9,11.1
2026-05-14,Thursday,Lunch,228,32.7,Sunny,0,0,95.2,11.9,192.8,-11.3,231.8,194.8,37.0,16.0
2026-05-14,Thursday,Dinner,180,28.8,Rainy,0,0,194.8,37.0,176.2,10.6,189.2,165.0,24.2,12.8
2026-05-15,Friday,Breakfast,96,33.7,Sunny,0,0,165.0,24.2,104.7,-9.5,88.6,74.8,13.8,15.6
2026-05-15,Friday,Lunch,225,34.9,Sunny,0,0,74.8,13.8,185.1,9.7,232.4,200.6,31.8,13.7
2026-05-15,Friday,Dinner,183,25.3,Rainy,0,0,200.6,31.8,168.2,-3.2,176.4,176.4,0.0,0.0
2026-05-16,Saturday,Breakfast,63,26.8,Cloudy,0,1,176.4,0.0,87.7,-12.9,71.4,55.2,16.2,22.7
2026-05-16,Saturday,Lunch,183,25.3,Rainy,0,1,55.2,16.2,192.3,8.3,195.5,174.8,20.7,10.6
2026-05-16,Saturday,Dinner,168,30.1,Cloudy,0,1,174.8,20.7,176.1,0.3,164.1,164.1,0.0,0.0
2026-05-17,Sunday,Breakfast,87,32.3,Sunny,1,1,164.1,0.0,75.1,-19.9,90.9,75.6,15.3,16.8
2026-05-17,Sunday,Lunch,173,30.4,Cloudy,0,1,75.6,15.3,190.1,-15.3,173.1,156.5,16.6,9.6
2026-05-17,Sunday,Dinner,156,30.9,Sunny,0,1,156.5,16.6,168.5,-4.4,185.9,151.8,34.1,18.3
2026-05-18,Monday,Breakfast,91,32.1,Sunny,0,0,151.8,34.1,68.5,7.1,92.9,74.3,18.6,20.0
2026-05-18,Monday,Lunch,227,25.6,Rainy,0,0,74.3,18.6,177.3,-20.8,245.4,217.7,27.7,11.3
2026-05-18,Monday,Dinner,172,33.8,Sunny,0,0,217.7,27.7,164.1,-12.3,186.7,147.2,39.5,21.2
2026-05-19,Tuesday,Breakfast,100,29.8,Sunny,0,0,147.2,39.5,68.4,5.9,104.8,91.2,13.6,13.0
2026-05-19,Tuesday,Lunch,227,33.7,Sunny,0,0,91.2,13.6,183.0,34.7,252.1,218.2,33.9,13.4
2026-05-19,Tuesday,Dinner,176,33.9,Sunny,0,0,218.2,33.9,154.4,-7.2,187.6,153.6,34.0,18.1
2026-05-20,Wednesday,Breakfast,102,34.2,Sunny,0,0,153.6,34.0,80.4,10.8,96.1,86.6,9.5,9.9
2026-05-20,Wednesday,Lunch,225,31.9,Sunny,0,0,86.6,9.5,197.5,20.7,251.6,179.8,71.8,28.5
2026-05-20,Wednesday,Dinner,191,29.9,Cloudy,0,0,179.8,71.8,150.9,2.7,200.1,184.7,15.4,7.7
2026-05-21,Thursday,Breakfast,106,32.9,Sunny,0,0,184.7,15.4,84.0,2.6,107.7,96.1,11.6,10.8
2026-05-21,Thursday,Lunch,295,29.5,Cloudy,1,0,96.1,11.6,205.2,-25.4,296.4,268.2,28.2,9.5
2026-05-21,Thursday,Dinner,168,24.3,Rainy,0,0,268.2,28.2,161.8,22.9,178.1,169.4,8.7,4.9
2026-05-22,Friday,Breakfast,93,27.7,Cloudy,0,0,169.4,8.7,91.3,4.8,102.6,79.0,23.6,23.0
2026-05-22,Friday,Lunch,205,28.9,Cloudy,0,0,79.0,23.6,222.1,46.1,204.7,188.5,16.2,7.9
2026-05-22,Friday,Dinner,253,32.3,Cloudy,1,0,188.5,16.2,169.2,0.2,268.8,232.9,35.9,13.4
2026-05-23,Saturday,Breakfast,78,30.9,Cloudy,1,1,232.9,35.9,87.2,-8.2,74.7,74.7,0.0,0.0
2026-05-23,Saturday,Lunch,176,27.1,Cloudy,0,1,74.7,0.0,212.2,-23.7,188.8,158.7,30.1,15.9
2026-05-23,Saturday,Dinner,163,34.8,Sunny,0,1,158.7,30.1,195.7,37.2,172.5,145.1,27.4,15.9
2026-05-24,Sunday,Breakfast,56,26.8,Rainy,0,1,145.1,27.4,83.3,-8.6,54.0,54.0,0.0,0.0
2026-05-24,Sunday,Lunch,188,34.8,Sunny,0,1,54.0,0.0,205.1,-46.4,198.1,165.4,32.7,16.5
2026-05-24,Sunday,Dinner,145,34.1,Sunny,0,1,165.4,32.7,182.5,-37.4,138.8,137.7,1.1,0.8
2026-05-25,Monday,Breakfast,102,29.9,Cloudy,0,0,137.7,1.1,69.2,-15.2,110.0,102.1,7.9,7.2
2026-05-25,Monday,Lunch,244,27.0,Rainy,0,0,102.1,7.9,170.9,-5.5,274.8,239.4,35.4,12.9
2026-05-25,Monday,Dinner,194,33.4,Sunny,0,0,239.4,35.4,171.9,-34.2,193.0,167.4,25.6,13.3
2026-05-26,Tuesday,Breakfast,96,24.5,Rainy,0,0,167.4,25.6,76.9,25.2,96.3,96.3,0.0,0.0
2026-05-26,Tuesday,Lunch,211,33.2,Sunny,0,0,96.3,0.0,187.8,51.6,230.0,178.5,51.5,22.4
2026-05-26,Tuesday,Dinner,172,30.6,Sunny,0,0,178.5,51.5,150.1,17.3,183.4,160.6,22.8,12.4
2026-05-27,Wednesday,Breakfast,96,36.4,Sunny,0,0,160.6,22.8,84.1,12.2,100.5,89.1,11.4,11.3
2026-05-27,Wednesday,Lunch,204,29.2,Cloudy,0,0,89.1,11.4,194.4,-15.9,216.1,195.4,20.7,9.6
2026-05-27,Wednesday,Dinner,174,29.6,Cloudy,0,0,195.4,20.7,155.2,5.4,167.6,166.0,1.6,1.0
2026-05-28,Thursday,Breakfast,109,33.2,Sunny,0,0,166.0,1.6,95.8,-6.7,120.2,98.2,22.0,18.3
2026-05-28,Thursday,Lunch,198,31.3,Sunny,0,0,98.2,22.0,204.4,-9.0,188.9,173.7,15.2,8.0
2026-05-28,Thursday,Dinner,180,30.6,Sunny,0,0,173.7,15.2,164.7,1.3,188.7,172.0,16.7,8.9
2026-05-29,Friday,Breakfast,131,33.2,Sunny,1,0,172.0,16.7,94.5,3.7,143.3,138.8,4.5,3.1
2026-05-29,Friday,Lunch,301,35.7,Sunny,1,0,138.8,4.5,182.5,-8.8,327.5,281.0,46.5,14.2
2026-05-29,Friday,Dinner,163,34.5,Sunny,0,0,281.0,46.5,166.2,5.8,160.1,147.3,12.8,8.0
2026-05-30,Saturday,Breakfast,54,34.0,Sunny,0,1,147.3,12.8,108.7,30.1,53.9,53.9,0.0,0.0
2026-05-30,Saturday,Lunch,154,32.8,Sunny,0,1,53.9,0.0,216.7,64.3,157.8,143.4,14.4,9.1
2026-05-30,Saturday,Dinner,143,29.8,Cloudy,0,1,143.4,14.4,161.8,-14.5,164.9,133.4,31.5,19.1
2026-05-31,Sunday,Breakfast,57,23.6,Rainy,0,1,133.4,31.5,97.0,-43.1,57.3,57.3,0.0,0.0
2026-05-31,Sunday,Lunch,180,36.0,Sunny,0,1,57.3,0.0,199.4,-56.0,179.7,162.4,17.3,9.6
2026-05-31,Sunday,Dinner,143,32.2,Sunny,0,1,162.4,17.3,150.9,-17.5,164.6,125.4,39.2,23.8
2026-06-01,Monday,Breakfast,102,29.3,Cloudy,0,0,125.4,39.2,83.3,-26.0,105.1,99.0,6.1,5.8
2026-06-01,Monday,Lunch,222,24.1,Rainy,0,0,99.0,6.1,195.6,-33.2,238.6,223.6,15.0,6.3
2026-06-01,Monday,Dinner,181,35.2,Sunny,0,0,223.6,15.0,135.4,-10.0,202.8,164.6,38.2,18.8
2026-06-02,Tuesday,Breakfast,98,35.1,Sunny,0,0,164.6,38.2,70.1,28.9,98.4,90.5,7.9,8.0
2026-06-02,Tuesday,Lunch,198,36.3,Sunny,0,0,90.5,7.9,176.5,47.1,216.6,160.0,56.6,26.1
2026-06-02,Tuesday,Dinner,214,25.8,Rainy,1,0,160.0,56.6,141.1,23.5,205.7,205.7,0.0,0.0
2026-06-03,Wednesday,Breakfast,101,30.3,Sunny,0,0,205.7,0.0,82.3,8.2,106.9,92.3,14.6,13.7
2026-06-03,Wednesday,Lunch,213,29.5,Cloudy,0,0,92.3,14.6,182.0,-22.0,238.3,205.8,32.5,13.6
2026-06-03,Wednesday,Dinner,169,31.4,Cloudy,0,0,205.8,32.5,165.2,40.5,167.2,140.9,26.3,15.7
2026-06-04,Thursday,Breakfast,103,30.0,Sunny,0,0,140.9,26.3,93.9,-1.6,98.8,98.8,0.0,0.0
2026-06-04,Thursday,Lunch,204,27.8,Rainy,0,0,98.8,0.0,196.5,9.3,218.8,190.4,28.4,13.0
2026-06-04,Thursday,Dinner,156,28.8,Rainy,0,0,190.4,28.4,170.4,-29.5,163.9,155.5,8.4,5.1
2026-06-05,Friday,Breakfast,97,30.4,Cloudy,0,0,155.5,8.4,93.9,4.9,105.6,102.3,3.3,3.1
2026-06-05,Friday,Lunch,227,32.1,Sunny,0,0,102.3,3.3,185.4,5.0,231.8,196.8,35.0,15.1
2026-06-05,Friday,Dinner,181,33.4,Sunny,0,0,196.8,35.0,167.4,-11.9,176.8,171.5,5.3,3.0
2026-06-06,Saturday,Breakfast,62,33.5,Sunny,0,1,171.5,5.3,97.8,4.5,66.6,56.8,9.8,14.7
2026-06-06,Saturday,Lunch,174,30.4,Cloudy,0,1,56.8,9.8,197.7,-0.9,179.5,159.4,20.1,11.2
2026-06-06,Saturday,Dinner,157,34.2,Sunny,0,1,159.4,20.1,156.0,15.5,161.9,127.1,34.8,21.5
2026-06-07,Sunday,Breakfast,60,27.7,Cloudy,0,1,127.1,34.8,86.0,-29.2,58.4,47.3,11.1,19.0
2026-06-07,Sunday,Lunch,205,28.1,Rainy,0,1,47.3,11.1,182.2,-22.8,214.7,194.4,20.3,9.5
2026-06-07,Sunday,Dinner,147,34.5,Sunny,0,1,194.4,20.3,151.4,-24.3,159.1,120.4,38.7,24.3
2026-06-08,Monday,Breakfast,131,29.3,Sunny,1,0,120.4,38.7,68.8,-21.5,131.5,131.5,0.0,0.0
2026-06-08,Monday,Lunch,236,29.2,Cloudy,0,0,131.5,0.0,183.5,10.9,264.3,222.8,41.5,15.7
2026-06-08,Monday,Dinner,177,27.4,Cloudy,0,0,222.8,41.5,139.7,-19.3,190.5,157.1,33.4,17.5
2026-06-09,Tuesday,Breakfast,98,26.9,Rainy,0,0,157.1,33.4,78.5,53.0,100.7,91.2,9.5,9.4
2026-06-09,Tuesday,Lunch,232,26.8,Rainy,0,0,91.2,9.5,192.2,30.6,244.3,223.1,21.2,8.7
2026-06-09,Tuesday,Dinner,168,31.6,Cloudy,0,0,223.1,21.2,134.9,22.2,168.6,143.0,25.6,15.2
2026-06-10,Wednesday,Breakfast,96,34.0,Sunny,0,0,143.0,25.6,90.0,1.2,97.4,96.5,0.9,0.9
2026-06-10,Wednesday,Lunch,217,36.6,Sunny,0,0,96.5,0.9,213.4,9.7,216.4,205.7,10.7,4.9
2026-06-10,Wednesday,Dinner,196,31.8,Cloudy,0,0,205.7,10.7,140.2,2.8,227.1,175.7,51.4,22.6
2026-06-11,Thursday,Breakfast,93,34.0,Cloudy,0,0,175.7,51.4,106.4,-9.9,93.9,87.8,6.1,6.5
2026-06-11,Thursday,Lunch,226,30.1,Cloudy,0,0,87.8,6.1,217.2,-11.5,256.1,214.5,41.6,16.2
2026-06-11,Thursday,Dinner,188,32.3,Cloudy,0,0,214.5,41.6,158.6,17.1,194.9,167.6,27.3,14.0
2026-06-12,Friday,Breakfast,92,31.3,Cloudy,0,0,167.6,27.3,91.8,-4.0,88.3,80.5,7.8,8.8
2026-06-12,Friday,Lunch,231,33.3,Sunny,0,0,80.5,7.8,214.4,0.1,247.8,202.2,45.6,18.4
2026-06-12,Friday,Dinner,174,34.9,Sunny,0,0,202.2,45.6,162.1,5.5,185.8,156.7,29.1,15.7
2026-06-13,Saturday,Breakfast,60,36.4,Sunny,0,1,156.7,29.1,88.3,-7.8,60.3,56.0,4.3,7.1
2026-06-13,Saturday,Lunch,167,33.1,Sunny,0,1,56.0,4.3,207.5,-5.3,173.0,150.2,22.8,13.2
2026-06-13,Saturday,Dinner,160,29.1,Cloudy,0,1,150.2,22.8,166.7,-10.0,156.9,155.7,1.2,0.8
2026-06-14,Sunday,Breakfast,68,33.0,Sunny,0,1,155.7,1.2,74.8,-18.8,68.2,66.4,1.8,2.6
2026-06-14,Sunday,Lunch,184,28.9,Cloudy,0,1,66.4,1.8,189.0,-38.8,210.9,170.9,40.0,19.0
2026-06-14,Sunday,Dinner,159,30.8,Cloudy,0,1,170.9,40.0,160.0,-4.3,171.2,154.8,16.4,9.6
2026-06-15,Monday,Breakfast,99,28.9,Rainy,0,0,154.8,16.4,67.6,-1.2,100.6,93.5,7.1,7.1
2026-06-15,Monday,Lunch,212,36.9,Sunny,0,0,93.5,7.1,174.4,-3.5,218.6,194.1,24.5,11.2
2026-06-15,Monday,Dinner,194,32.4,Sunny,0,0,194.1,24.5,155.7,-0.9,186.0,175.1,10.9,5.9
2026-06-16,Tuesday,Breakfast,112,33.8,Cloudy,0,0,175.1,10.9,72.0,21.5,121.4,107.0,14.4,11.9
2026-06-16,Tuesday,Lunch,243,29.7,Rainy,0,0,107.0,14.4,171.7,22.4,256.4,234.7,21.7,8.5
2026-06-16,Tuesday,Dinner,181,36.1,Sunny,0,0,234.7,21.7,161.9,13.2,178.1,161.9,16.2,9.1
2026-06-17,Wednesday,Breakfast,106,24.1,Rainy,0,0,161.9,16.2,89.0,18.0,117.0,107.7,9.3,7.9
2026-06-17,Wednesday,Lunch,211,34.8,Sunny,0,0,107.7,9.3,199.9,34.8,240.1,178.3,61.8,25.7
2026-06-17,Wednesday,Dinner,192,37.6,Sunny,0,0,178.3,61.8,163.9,-2.0,201.0,176.5,24.5,12.2
2026-06-18,Thursday,Breakfast,93,35.7,Sunny,0,0,176.5,24.5,102.7,5.0,91.1,91.1,0.0,0.0
2026-06-18,Thursday,Lunch,226,30.4,Cloudy,0,0,91.1,0.0,202.4,-24.1,249.0,221.8,27.2,10.9
2026-06-18,Thursday,Dinner,213,30.2,Cloudy,0,0,221.8,27.2,171.2,5.3,211.6,201.9,9.7,4.6
2026-06-19,Friday,Breakfast,89,26.0,Rainy,0,0,201.9,9.7,101.9,-10.8,89.4,89.4,0.0,0.0
2026-06-19,Friday,Lunch,218,33.6,Sunny,0,0,89.4,0.0,211.6,10.2,245.5,183.9,61.6,25.1
2026-06-19,Friday,Dinner,170,29.2,Rainy,0,0,183.9,61.6,180.1,21.8,181.7,173.6,8.1,4.5
2026-06-20,Saturday,Breakfast,60,28.7,Rainy,0,1,173.6,8.1,96.1,-6.7,68.6,55.2,13.4,19.5
2026-06-20,Saturday,Lunch,167,31.8,Cloudy,0,1,55.2,13.4,194.7,-10.8,171.7,145.7,26.0,15.1
2026-06-20,Saturday,Dinner,196,32.1,Sunny,1,1,145.7,26.0,184.0,-10.4,214.3,176.6,37.7,17.6
2026-06-21,Sunday,Breakfast,49,31.8,Cloudy,0,1,176.6,37.7,78.6,-23.4,50.3,42.8,7.5,14.9
2026-06-21,Sunday,Lunch,165,33.4,Sunny,0,1,42.8,7.5,183.8,-38.1,181.1,139.8,41.3,22.8
2026-06-21,Sunday,Dinner,148,32.9,Sunny,0,1,139.8,41.3,184.0,-7.4,148.4,132.6,15.8,10.6
2026-06-22,Monday,Breakfast,99,24.9,Rainy,0,0,132.6,15.8,62.5,-19.7,107.3,94.5,12.8,11.9
2026-06-22,Monday,Lunch,201,35.9,Sunny,0,0,94.5,12.8,156.5,-16.7,215.0,182.3,32.7,15.2
2026-06-22,Monday,Dinner,175,31.9,Sunny,0,0,182.3,32.7,160.9,-28.3,178.4,153.2,25.2,14.1
2026-06-23,Tuesday,Breakfast,106,31.3,Cloudy,0,0,153.2,25.2,64.2,30.3,109.8,104.4,5.4,4.9
2026-06-23,Tuesday,Lunch,221,37.6,Sunny,0,0,104.4,5.4,155.9,26.4,226.7,192.5,34.2,15.1
2026-06-23,Tuesday,Dinner,144,36.9,Sunny,0,0,192.5,34.2,154.1,-0.9,154.7,116.4,38.3,24.8
2026-06-24,Wednesday,Breakfast,106,35.0,Sunny,0,0,116.4,38.3,80.6,23.8,99.0,99.0,0.0,0.0
2026-06-24,Wednesday,Lunch,223,35.0,Sunny,0,0,99.0,0.0,171.5,21.0,241.6,187.5,54.1,22.4
2026-06-24,Wednesday,Dinner,187,33.3,Sunny,0,0,187.5,54.1,134.1,-17.7,182.1,174.9,7.2,4.0
2026-06-25,Thursday,Breakfast,94,33.5,Sunny,0,0,174.9,7.2,99.3,-0.3,96.2,83.4,12.8,13.3
2026-06-25,Thursday,Lunch,217,33.3,Cloudy,0,0,83.4,12.8,187.4,0.1,228.4,183.2,45.2,19.8
2026-06-25,Thursday,Dinner,181,33.0,Cloudy,0,0,183.2,45.2,148.2,26.7,194.6,153.4,41.2,21.2
2026-06-26,Friday,Breakfast,94,33.6,Cloudy,0,0,153.4,41.2,95.6,-12.2,89.4,89.4,0.0,0.0
2026-06-26,Friday,Lunch,289,35.1,Sunny,1,0,89.4,0.0,187.7,-4.5,315.2,265.6,49.6,15.7
2026-06-26,Friday,Dinner,167,32.4,Cloudy,0,0,265.6,49.6,148.2,5.2,181.3,146.7,34.6,19.1
2026-06-27,Saturday,Breakfast,56,34.1,Sunny,0,1,146.7,34.6,90.6,-1.2,58.4,47.5,10.9,18.7
2026-06-27,Saturday,Lunch,173,38.6,Sunny,0,1,47.5,10.9,212.1,53.5,187.9,133.0,54.9,29.2
2026-06-27,Saturday,Dinner,165,27.9,Rainy,0,1,133.0,54.9,158.3,-11.6,161.4,159.1,2.3,1.4
2026-06-28,Sunday,Breakfast,53,34.8,Sunny,0,1,159.1,2.3,73.4,-25.9,56.9,55.2,1.7,3.0
2026-06-28,Sunday,Lunch,176,36.2,Sunny,0,1,55.2,1.7,193.9,-60.9,187.0,151.3,35.7,19.1
2026-06-28,Sunday,Dinner,149,30.0,Cloudy,0,1,151.3,35.7,153.1,6.0,155.1,136.1,19.0,12.3
2026-06-29,Monday,Breakfast,107,36.5,Sunny,0,0,136.1,19.0,64.0,-8.8,112.9,97.2,15.7,13.9
2026-06-29,Monday,Lunch,214,33.5,Cloudy,0,0,97.2,15.7,183.3,-32.0,243.1,193.1,50.0,20.6
2026-06-29,Monday,Dinner,196,39.2,Sunny,0,0,193.1,50.0,147.3,-11.2,193.5,173.4,20.1,10.4
